scenario,solver_calls
aet_rag,0.8333333333333334
continuous,0.0
static,0.8333333333333334
