event_id,trigger,solver_called,runtime
syn_n20_000_e0000,True,True,5.000515791994985
syn_n20_000_e0001,True,True,5.000459083006717
syn_n20_000_e0002,True,True,5.000344792031683
syn_n20_000_e0003,True,True,5.0004124590195715
syn_n20_000_e0004,True,True,5.0003378330147825
