event_id,trigger,solver_called,runtime
sol_r102_e0000,True,True,5.00092737498926
sol_r102_e0001,True,True,5.002281500026584
sol_r102_e0002,True,True,5.000123750010971
sol_r102_e0003,True,True,5.000104250037111
sol_r102_e0004,True,True,5.000166875019204
sol_r102_e0005,True,True,5.000145541969687
sol_r102_e0006,True,True,5.000101584009826
sol_r102_e0007,True,True,5.001381791953463
sol_r102_e0008,True,True,5.000137249997351
sol_r102_e0009,True,True,5.00011695799185
