event_id,trigger,solver_called,runtime
sol_r101_e0000,True,True,5.000118166033644
sol_r101_e0001,True,True,5.000159667048138
sol_r101_e0002,True,True,5.00019379099831
sol_r101_e0003,True,True,5.00014708400704
sol_r101_e0004,True,True,5.000213375024032
sol_r101_e0005,True,True,5.000220458954573
sol_r101_e0006,True,True,5.000117083021905
sol_r101_e0007,True,True,5.000131500011776
sol_r101_e0008,True,True,5.000194333028048
sol_r101_e0009,True,True,5.00013320799917
