event_id,trigger,solver_called,runtime
svrp_001_e0000,True,True,5.000514207989909
svrp_001_e0001,True,True,5.004829875018913
svrp_001_e0002,True,True,5.000543000001926
svrp_001_e0003,True,True,5.000830750039313
svrp_001_e0004,True,True,5.002457708003931
svrp_001_e0005,True,True,5.000486417033244
svrp_001_e0006,True,True,5.000488083984237
svrp_001_e0007,True,True,5.0006328339804895
svrp_001_e0008,True,True,5.000421624979936
svrp_001_e0009,True,True,5.000490375037771
