event_id,trigger,solver_called,runtime
svrp_000_e0000,True,True,5.00048904097639
svrp_000_e0001,True,True,5.002786166034639
svrp_000_e0002,True,True,5.000489917001687
svrp_000_e0003,True,True,5.000467917008791
svrp_000_e0004,True,True,5.000482208968606
svrp_000_e0005,True,True,5.000581458036322
svrp_000_e0006,True,True,5.0004309579962865
svrp_000_e0007,True,True,5.000431332970038
svrp_000_e0008,True,True,5.000513167004101
svrp_000_e0009,True,True,5.000493832980283
