event_id,trigger,solver_called,runtime
syn_n50_001_e0000,True,True,5.000587874965277
syn_n50_001_e0001,True,True,5.000630374997854
syn_n50_001_e0002,True,True,5.000593084027059
syn_n50_001_e0003,True,True,5.00063358299667
syn_n50_001_e0004,True,True,5.000663292012177
syn_n50_001_e0005,True,True,5.002545249997638
syn_n50_001_e0006,True,True,5.000634333002381
syn_n50_001_e0007,True,True,5.000604708038736
syn_n50_001_e0008,True,True,5.000683667021804
syn_n50_001_e0009,True,True,5.000733707973268
