event_id,trigger,solver_called,runtime
syn_n50_000_e0000,True,True,5.0005872920155525
syn_n50_000_e0001,True,True,5.000594749988522
syn_n50_000_e0002,True,True,5.000642999948468
syn_n50_000_e0003,True,True,5.000651749956887
syn_n50_000_e0004,True,True,5.0006556659936905
syn_n50_000_e0005,True,True,5.0005915419897065
syn_n50_000_e0006,True,True,5.000622999970801
syn_n50_000_e0007,True,True,5.000927625049371
syn_n50_000_e0008,True,True,5.001259792014025
syn_n50_000_e0009,True,True,5.000596833007876
